METADATA,,,,,,,,,,,,,,
title.en,SERVICE RESTRICTIONS (Recapitulatory list of service restrictions in force relating to telecommunications operation),,,,,,,,,,,,,
title.fr,RESTRICTIONS DE SERVICE (Liste récapitulative des restrictions de service en vigueur relatives à l’exploitation des télécommunications),,,,,,,,,,,,,
title.es,RESTRICCIONES DE SERVICIO (Lista recapitulativa de las restricciones de servicio en vigor relativas a la explotación de las telecomunicaciones),,,,,,,,,,,,,
locale.geographic_area.en,Country/Geographical area,,,,,,,,,,,,,
locale.geographic_area.fr,Países/Zonas geográficas,,,,,,,,,,,,,
locale.geographic_area.es,Pays/Zones géographiques,,,,,,,,,,,,,
,,,,,,,,,,,,,,
,,,,,,,,,,,,,,
DATA,,,,,,,,,,,,,,
geographic_area.fr,geographic_area.en,geographic_area.es,restrictions.telex_not_provided[boolean],restrictions.telegram_not_provided[boolean],restrictions.no_collect_calls.mobile[boolean],restrictions.no_collect_calls.payphone[boolean],restrictions.no_collect_calls.audiotex[boolean],restrictions.no_collect_calls.virtual[boolean],restrictions.no_collect_calls.incoming[boolean],restrictions.no_collect_calls.outgoing[boolean],restrictions.no_messenger_dispatch[boolean],notes.en,notes.es,notes.fr
Andorre,Andorra,Andorra,TRUE,,,,,,,,,The telex service is no longer provided.,El servicio télex está suprimido ,Le service télex n'est plus assuré.
Antigua-et-Barbuda,Antigua and Barbuda,Antigua y Barbuda,TRUE,,TRUE,TRUE,TRUE,,,,,"The telegram service is no longer provided. Collect calls to mobile, payphone and audiotex numbers are not accepted","El servicio de telegramas está suprimido. No se aceptan llamadas de cobro revertido efectuadas a números de teléfonos móviles, teléfonos públicos y audiotex","Le service des télégrammes n'est plus assuré. Les communications payables à l'arrivée à destination de numéros mobiles, de publiphones ou de numéros audiotex ne sont pas acceptées. "
Argentine,Argentina,Argentina,,,,,,,,,,"The Correo Oficial de La Republica Argentina S.A., Buenos Aires, announces that as from 1 February 2011, the telegrams indicated as TLXx (TELEX DELIVERY) will not be accepted anymore. This restriction will reach incoming and outgoing telegrams from the Argentine (Republic). The special services such as URGENT (urgent transmission and delivery) TFx (telephone delivery), FAXx (facsimile delivery) will be available.","El Correo Oficial de La Republica Argentina S.A., Buenos Aires, anuncia que a partir del 1 de febrero de 2011 dejará de admitir telegramas con la indicación de servicio TLXx (ENTREGA POR TELEX).  Esta restricción alcanza tanto a los telegramas impuestos como los destinados a la República Argentina. Se continuará aceptando los servicios especiales URGENT (transmisión y entrega urgentes) TFx (entrega por teléfono), FAXx (entrega por facsímil). ","Le Correo Oficial de La República Argentina S.A., Buenos Aires, annonce qu'il n'acceptera plus les télégrammes portant l'indication de service TLXx (REMISE PAR TELEX) à compter du 1er février 2011. Cette restriction s'applique aux télégrammes en provenance et à destination de la République argentine. Les télégrammes portant les indications de service spécial URGENT (transmission et remise urgentes), TFx (remise par téléphone) et FAXx (remise par télécopie) continueront d'être acceptés. "
Aruba,Aruba,Aruba,,,TRUE,,,,,,,Collect calls to mobile numbers are not accepted,No se aceptan llamadas de cobro revertido efectuadas a números de teléfonos móviles,Les communications payables à l'arrivée à destination de numéros mobiles ne sont pas acceptées 
Australie,Australia,Australia,,,TRUE,,,,,,,Collect calls to mobile numbers are not accepted,No se aceptan llamadas de cobro revertido efectuadas a números de teléfonos móviles,Les communications payables à l'arrivée à destination de numéros mobiles ne sont pas acceptées.
Autriche,Austria,Austria,TRUE,,,,,,,,,The telex service is no longer provided.,El servicio télex está suprimido,Le service télex n'est plus assuré.
Bangladesh,Bangladesh,Bangladesh,TRUE,,,,,,,,,The telex service is no longer provided.,El servicio télex está suprimido,Le service télex n'est plus assuré.
Barbade,Barbados,Barbados,,,TRUE,,,,,,,Collect calls to mobile numbers are not accepted,No se aceptan llamadas de cobro revertido efectuadas a números de teléfonos móviles,Les communications payables à l'arrivée à destination de numéros mobiles ne sont pas acceptées.
Belgique,Belgium,Bélgica,,,,,,,,,,No collect calls are accepted between a foreign operator and Belgacom operator. Incoming collect calls are available through Belgium Direct Service.,No se aceptan llamadas de cobro revertido entre un operador extranjero y el operador Belgacom. La recepción de llamadas de cobro revertido se efectúa a través del servicio directo con Bélgica,Aucune communication payable à l'arrivée n'est acceptée entre un opérateur étranger et l'opérateur Belgacom. Il est possible d'utiliser le service Belgium Direct pour établir des communications entrantes payables à l'arrivée.
Belize,Belize,Belice,,,,TRUE,,,,,,Collect calls to mobile numbers or payphones are not accepted,No se aceptan llamadas de cobro revertido efectuadas a números de teléfonos móviles o de teléfonos públicos,Les communications payables à l'arrivée à destination de numéros mobiles ou de publiphones ne sont pas acceptées.
Bosnie-Herzégovine,Bosnia and Herzegovina,Bosnia y Herzegovina,TRUE,,,,,,,,,The telex service is no longer provided.,El servicio télex está suprimido,Le service télex n'est plus assuré.
Bulgarie,Bulgaria,Bulgaria,TRUE,TRUE,,,,,,,,Collect telephone calls and credit card telephone calls are accepted in Bulgaria only with those countries whose administrations have confirmed their agreement to the Bulgarian Administration in writing. The telegram service is no longer provided. The telex service is no longer provided.,Sólo se admiten llamadas telefónicas de cobro revertido y con tarjetas de crédito con los países cuyas administraciones hayan confirmado por escrito su acuerdo a la Administración búlgara. El servicio de telegramas está suprimido. El servicio télex está suprimido,Les communications téléphoniques payables à l’arrivée et avec cartes de crédit sont acceptées en Bulgarie qu’avec les pays dont les administrations ont confirmé par écrit leur accord à l’Administration bulgare. Le service des télégrammes n'est plus assuré. Le service télex n'est plus assuré.
Cayman (Iles),Cayman (Islands),Caimán (Islas),,,TRUE,,,,,,,Collect calls to mobile numbers are not accepted,No se aceptan llamadas de cobro revertido efectuadas a números de teléfonos móviles,Les communications payables à l'arrivée à destination de numéros mobiles ne sont pas acceptées
Colombie,Colombia,Colombia,,,TRUE,,,,,,,Collect calls to mobile numbers are not accepted,No se aceptan llamadas de cobro revertido efectuadas a números de teléfonos móviles,Les communications payables à l'arrivée à destination de numéros mobiles ne sont pas acceptées.
Cook (Iles),Cook Islands,Cook (Islas),TRUE,,,,,,,,,The telex service is no longer provided.,El servicio télex está suprimido,Le service télex n'est plus assuré.
"Curaçao, Sint Maarten, Bonaire, Saint Eustatius et Saba","Curaçao, Sint Maarten, Bonaire, Sint Eustatius and Saba","Curaçao, Sint Maarten, Bonaire, San Eustatius y Saba",TRUE,TRUE,,,,,TRUE,TRUE,,Collect calls for both outgoing and incoming are not accepted. The telegram service is no longer provided. The telex service is no longer provided.,No se aceptan llamadas de cobro revertido entrantes ni salientes. El servicio de telegramas está suprimido. El servicio télex está suprimido,Les communications entrantes et sortantes payables à l'arrivée ne sont pas acceptées.  Le service des télégrammes n'est plus assuré. Le service télex n'est plus assuré.
Chypre,Cyprus,Chipre,,,TRUE,,,,,,,CYTA no longer route nor accept telephone traffic via transit carriers. Telecom operators are requested to switch to the hubbing method for routing traffic to CYTA. Collect calls to mobile numbers are not accepted,CYTA no encamina ni acepta tráfico telefónico procedente de operadores de tránsito. Se invita a los operadores de telecomunicaciones que utilicen un método de concentración para el encaminamiento de su tráfico a la CYTA. No se aceptan llamadas de cobro revertido efectuadas a números de teléfonos móviles,La CYTA n'achemine plus et n'accepte plus de trafic téléphonique via des opérateurs de transit. Les opérateurs de télécommunication concernés sont priés de bien vouloir adopter la méthode de concentration (hubbing) pour le routage de leur trafic à destination de la CYTA. Les communications payables à l'arrivée à destination de numéros mobiles ne sont pas acceptées.
Tchèque (Rép.),Czech Rep.,Checa (Rep.),TRUE,,,,,,,,,The telex service is no longer provided.,El servicio télex está suprimido,Le service télex n'est plus assuré.
Danemark,Denmark,Dinamarca,,,,,,,,,,The telegram service is no longer provided.,El servicio de telegramas está suprimido,Le service des télégrammes n'est plus assuré.
Dominique,Dominica,Dominica,,,TRUE,,,,,,,Collect calls to mobile numbers are not accepted,No se aceptan llamadas de cobro revertido efectuadas a números de teléfonos móviles,Les communications payables à l'arrivée à destination de numéros mobiles ne sont pas acceptées.
Féroé (Iles),Faroe (Island),Faroe (Islas),TRUE,TRUE,,,,,,,,The telex service is no longer provided. The telegram service is no longer provided,El servicio télex está suprimido. El servicio de telegramas está suprimido,Le service télex n'est plus assuré. Le service des télégrammes n'est plus assuré.
Fidji,Fiji,Fiji,TRUE,TRUE,TRUE,,,,,,,The telex service is no longer provided. The telegram service is no longer provided. Collect calls to mobile numbers are not accepted,El servicio télex está suprimido. El servicio de telegramas está suprimido. No se aceptan llamadas de cobro revertido efectuadas a números de teléfonos móviles,Le service télex n'est plus assuré. Le service des télégrammes n'est plus assuré. Les communications payables à l'arrivée à destination de numéros mobiles ne sont pas acceptées.
Finlande,Finland,Finlandia,,,,,,,,,,Sonera announces the closure of the Booked Call Service (booked personal telephone calls requiring the dispatch of a messenger).,Sonera anuncia la clausura del servicio de petición de llamadas (llamadas telefónicas personales que requieren el envío de un mensajero),Sonera annonce la fermeture du service de réservation de communications (réservation de communications téléphoniques personnelles nécessitant l'envoi d'un messager).
France,France,Francia,,,,,,,,,,France Telecom has discontinued the international collect call service.,France Telecom ha suspendido el servicio internacional de llamadas de cobro revertido ,France Telecom a arrêté le service international de communications payables à l'arrivée.
Gibraltar,Gibraltar,Gibraltar,,TRUE,TRUE,,,,,,,Collect calls to mobile numbers are not accepted. The telegram service is no longer provided,No se aceptan llamadas de cobro revertido efectuadas a números de teléfonos móviles. El servicio de telegramas está suprimido,Les communications payables à l'arrivée à destination de numéros mobiles ne sont pas acceptées. Le service des télégrammes n'est plus assuré.
Groenland,Greenland,Groenlandia,,TRUE,,,,,,,,The telegram service is no longer provided. Telephone calls requiring the dispatch of a messenger are no longer admitted.,El servicio de telegramas está suprimido. No se admiten llamadas telefónicas que requieran el envío de un mensajero,Le service des télégrammes n'est plus assuré. Les appels téléphoniques nécessitant l'envoi d'un messager ne sont plus admis.
Guyana,Guyana,Guyana,TRUE,TRUE,TRUE,,,,,,,The telex service is no longer provided. The telegram service is no longer provided. Collect calls to mobile numbers are not accepted,El servicio télex está suprimido. El servicio de telegramas está suprimido. No se aceptan llamadas de cobro revertido efectuadas a números de teléfonos móviles,Le service télex n'est plus assuré. Le service des télégrammes n'est plus assuré. Les communications payables à l'arrivée à destination de numéros mobiles ne sont pas acceptées.
Haïti,Haiti,Haiti,TRUE,,,,,,,,,The telex service is no longer provided.,El servicio télex está suprimido,Le service télex n'est plus assuré.
Honduras,Honduras,Honduras,,,TRUE,,,,,,,Collect calls to mobile numbers are not accepted,No se aceptan llamadas de cobro revertido efectuadas a números de teléfonos móviles,Les communications payables à l'arrivée à destination de numéros mobiles ne sont pas acceptées.
"Hong Kong, Chine","Hong Kong, China","Hong Kong, China",,TRUE,,,,,,,,The telegram service and CT2 service are no longer provided,El servicio de telegramas y el servicio CT2 están suprimidos,Le service des télégrammes et le service CT2 ne sont plus assurés.
Hongrie,Hungary,Hungría,TRUE,TRUE,TRUE,,,,TRUE,TRUE,,The telex service is no longer provided. The telegram service is no longer provided. Collect calls for both outgoing and incoming are not accepted,El servicio télex está suprimido. El servicio de telegramas está suprimido. No se aceptan llamadas de cobro revertido entrantes ni salientes,Le service télex n'est plus assuré. Le service des télégrammes n'est plus assuré. Les communications entrantes et sortantes payables à l'arrivée ne sont pas acceptées. 
Islande,Iceland,Islandia,TRUE,,TRUE,,,,TRUE,TRUE,,The telex service is no longer provided. Collect calls for both outgoing and incoming are not accepted,El servicio télex está suprimido. No se aceptan llamadas de cobro revertido entrantes ni salientes,Le service télex n'est plus assuré. Les communications entrantes et sortantes payables à l'arrivée ne sont pas acceptées.
Indonésie,Indonesia,Indonesia,,TRUE,TRUE,,,,,,,Collect calls to mobile numbers are not accepted. The telegram service is no longer provided. PT Indosat no longer route nor accept telephone traffic via transit carriers. Telecom operators are requested to switch to the hubbing method for routing traffic to PT Indosat,No se aceptan llamadas de cobro revertido efectuadas a números de teléfonos móviles. El servicio de telegramas está suprimido. PT Indosat no encamina ni acepta tráfico telefónico procedente de operadores de tránsito. Se invita a los operadores de telecomunicaciones que utilicen un método de concentración para el encaminamiento de su tráfico a PT Indosat,Les communications payables à l'arrivée à destination de numéros mobiles ne sont pas acceptées. Le service des télégrammes n'est plus assuré. PT Indosat n'achemine plus et n'accepte plus de trafic téléphonique via des opérateurs de transit. Les opérateurs de télécommunication concernés sont priés de bien vouloir adopter la méthode de concentration (hubbing) pour le routage de leur trafic à destination de PT Indosat.
Irlande,Ireland,Irlanda,,,,,,,,,TRUE,Telephone calls requiring the dispatch of a messenger are no longer admitted.,No se admiten llamadas telefónicas que requieran el envío de un mensajero,Les appels téléphoniques nécessitant l'envoi d'un messager ne sont plus admis.
Japon,Japan,Japón,,,,,,,,,TRUE,Telephone calls requiring the dispatch of a messenger are no longer admitted.,No se admiten llamadas telefónicas que requieran el envío de un mensajero,Les appels téléphoniques nécessitant l'envoi d'un messager ne sont plus admis.
Kenya,Kenya,Kenya,,,,,,,,,,The international telegram messenger delivery services to physical addresses are not accepted.,El servicio internacional de entrega de telegramas por mensajero a direcciones físicas está suprimido,Les services de remise de télégramme international par messager à des adresses physiques ne sont pas acceptés.
Koweït,Kuwait,Kuwait,,,,,,,,,,"Incoming, outgoing and transit telegrams from or to Israel are not accepted.","No se admiten los telegramas con destino u origen en Israel, o en tránsito desde o hacia Israel","Les télégrammes en provenance ou à destination d'Israël ne sont pas acceptés ni à l'arrivée ni au départ, ni en transit. "
Liban,Lebanon,Líbano,,,,,,,,,,"Incoming, outgoing and transit telegrams from or to Israel are not accepted.","No se admiten los telegramas con destino u origen en Israel, o en tránsito desde o hacia Israel","Les télégrammes en provenance ou à destination d'Israël ne sont pas acceptées ni à l'arrivée ni au départ, ni en transit."
Luxembourg,Luxembourg,Luxemburgo,TRUE,TRUE,,,,,,,,The telex service is no longer provided.. The telegram service is no longer provided. EPT announces cancellation of the operator service.,El servicio télex está suprimido. El servicio de telegramas está suprimido. EPT anuncia la cancelación del servicio por operadora ,Le service télex n'est plus assuré. Le service des télégrammes n'est plus assuré. L'EPT annonce la cessation du service opérateur.
Madagascar,Madagascar,Madagascar,,TRUE,,,,,,,,The telegram service is no longer provided,El servicio de telegramas está suprimido,Le service des télégrammes n'est plus assuré.
Malaisie,Malaysia,Malasia,TRUE,,,,,,,,,The telex service is no longer provided.,El servicio télex está suprimido,Le service télex n'est plus assuré.
Malawi,Malawi,Malawi,,,TRUE,,,,,,,Collect calls to mobile numbers are not accepted,No se aceptan llamadas de cobro revertido efectuadas a números de teléfonos móviles,Les communications payables à l'arrivée à destination de numéros mobiles ne sont pas acceptées.
Maldives,Maldives,Maldivas,,,,,,,TRUE,TRUE,,Collect calls for both outgoing and incoming are not accepted,No se aceptan llamadas de cobro revertido entrantes ni salientes,Les communications entrantes et sortantes payables à l'arrivée ne sont pas acceptées.
Malte,Malta,Malta,TRUE,TRUE,,,,,,,,The telegram service is no longer provided. The telex service is no longer provided.,El servicio de telegramas está suprimido. El servicio télex está suprimido,Le service des télégrammes n'est plus assuré. Le service télex n'est plus assuré.
Maurice,Mauritius,Mauricio,,,,,,,,,,Letter telegrams (LT) and government letter telegrams (LTF) are no longer admitted to and from Mauritius.,No se aceptan con destino u origen en Mauricio telegramas-carta (LT) ni telegramas-carta de Estado (LTF) ,Les télégrammes-lettres (LT) et les télégrammes-lettres d’Etat (LTF) ne sont plus admis à destination et en provenance de Maurice.
Maroc,Morocco,Marruecos,,,TRUE,TRUE,,,,,,Collect calls to mobile numbers and payphones are not accepted,No se aceptan llamadas de cobro revertido efectuadas a números de teléfonos móviles o de teléfonos públicos,Les communications payables à l'arrivée à destination de numéros mobiles et de publiphones ne sont pas acceptées.
Mozambique,Mozambique,Mozambique,TRUE,,,,,,,,,The telex service is no longer provided.,El servicio télex está suprimido,Le service télex n'est plus assuré.
Namibie,Namibia,Namibia,,,TRUE,,,,,,,Collect calls to mobile numbers are not accepted,No se aceptan llamadas de cobro revertido efectuadas a números de teléfonos móviles,Les communications payables à l'arrivée à destination de numéros mobiles ne sont pas acceptées.
Pays-Bas,Netherlands,Países Bajos,,,TRUE,,,,,,,Collect calls to mobile numbers are not accepted,No se aceptan llamadas de cobro revertido efectuadas a números de teléfonos móviles,Les communications payables à l'arrivée à destination de numéros mobiles ne sont pas acceptées.
Nouvelle-Calédonie,New Caledonia,Nueva Caledonia,TRUE,TRUE,,,,,TRUE,TRUE,,The telex service is no longer provided. The telegram service is no longer provided. Collect calls for both outgoing and incoming are not accepted,El servicio télex está suprimido. El servicio de telegramas está suprimido. No se aceptan llamadas de cobro revertido entrantes ni salientes,Le service télex n'est plus assuré. Le service des télégrammes n'est plus assuré. Les communications entrantes et sortantes payables à l'arrivée ne sont pas acceptées.
Nouvelle-Zélande,New Zealand,Nueva Zelandia,,TRUE,,,,,,,,The telegram service is no longer provided,El servicio de telegramas está suprimido,Le service des télégrammes n'est plus assuré.
Nigéria,Nigeria,Nigeria,,,,,,,,,,"Due to present congestion in Lagos Port, the harbour authority will reject messages from any ship without the following particulars: a) ship's name; b) call sign; c) agent's name; d) overall length; e) draught; f) tonnage loaded; g) nature of cargo; h) last port of call; i) date and local time of ship arrival outside bar.","Debido a la actual congestión en el puerto de Lagos, las autoridades portuarias rechazarán todo mensaje de barco que no contenga los siguientes datos: a) nombre del barco; b) distintivo de llamada; c) nombre del agente; d) eslora total; e) calado; f) tonelaje; g) naturaleza del cargamento; h) último puerto de escala; i) fecha y hora local de llegada del barco a la barra exterior","En raison de l’encombrement du port de Lagos, l’autorité portuaire refusera les messages provenant de quelque navire que ce soit si les indications suivantes ne figurent pas: a) nom du navire; b) indicatif d’appel; c) nom de l’agent; d) longueur hors tout; e) tirant d’eau; f) tonnage chargé; g) nature de la cargaison; h) dernier port d’escale; i) date et heure locale d’arrivée du navire à l’extérieur de la barre. "
Norvège,Norway,Noruega,,,,,,,,,,Telenor will no longer provide collect calls from Norway. Collect calls to Norway will however continue to be accepted.,"Telenor no acepta llamadas de cobro revertido efectuadas desde Noruega, pero seguirá aceptando llamadas de cobro revertido recibidas en el país","Telenor n'acceptera plus de communications payables à l'arrivée en provenance de la Norvège. Toutefois, les communications payables à l'arrivée à destination de la Norvège continueront d'être acceptées."
Pakistan,Pakistan,Pakistán,TRUE,TRUE,,,,,,,,The telecommunication service with Israel is suspended. The telex service is no longer provided. The telegram service is no longer provided.,El servicio de telecomunicaciones con Israel está suspendido . El servicio télex está suprimido. El servicio de telegramas está suprimido,Le service de télécommunication avec Israël est suspendu.  Le service télex n'est plus assuré. Le service des télégrammes n'est plus assuré.
Panama,Panama,Panamá,,,TRUE,,,,,,,Collect calls to mobile numbers are not accepted,No se aceptan llamadas de cobro revertido efectuadas a números de teléfonos móviles,Les communications payables à l'arrivée à destination de numéros mobiles ne sont pas acceptées.
Papouasie-Nouvelle-Guinée,Papua New Guinea,Papua Nueva Guinea,TRUE,,TRUE,,,,,,,Collect calls to mobile numbers are not accepted. The telex service is no longer provided.,No se aceptan llamadas de cobro revertido efectuadas a números de teléfonos móviles. El servicio télex está suprimido,Les communications payables à l'arrivée à destination de numéros mobiles ne sont pas acceptées. Le service télex n'est plus assuré.
Pérou,Peru,Perú,,,,,,,TRUE,TRUE,,Collect calls for both outgoing and incoming are not accepted,No se aceptan llamadas de cobro revertido entrantes ni salientes,Les communications entrantes et sortantes payables à l'arrivée ne sont pas acceptées.
Pologne,Poland,Polonía,TRUE,TRUE,,,,,,,,The telegram service is no longer provided. The telex service is no longer provided.,El servicio de telegramas está suprimido. El servicio télex está suprimido,Le service des télégrammes n'est plus assuré. Le service télex n'est plus assuré.
Russie (Fédération de),Russian Federation,Rusia (Federación de),,,,,,,,,,"Rostelecom announces that letter telegrams (LT), government letter telegrams (LTF) and telegrams with special service ""URGENT"" (Urgent transmission and delivery) are not accepted within the framework of telegraph traffic (terminating and originating) with Russia.","Rostelecom anuncia que, en el marco del tráfico telegráfico (de terminación y de origen) con Rusia, no se aceptan telegramas-carta (LT), telegramas-carta de Estado (LTF) ni telegramas con servicio especial “URGENT” (transmisión y entrega urgentes)","Rostelecom annonce que les télégrammes-lettres (LT), les télégrammes-lettres d’Etat (LTF) et les télégrammes avec le service spécial «URGENT» (transmission et remise urgentes) ne sont pas acceptés dans le cadre du trafic télégraphique avec la Russie (d’arrivée et de départ)."
"Sainte-Hélène, Ascension et Tristan da Cunha","Saint Helena, Ascension and Tristan da Cunha","Santa Elena, Ascensión y Tristan da Cunha",TRUE,TRUE,,,,,,,,The telex service is no longer provided. The telegram service is no longer provided,El servicio télex está suprimido. El servicio de telegramas está suprimido,Le service télex n'est plus assuré. Le service des télégrammes n'est plus assuré.
Sainte-Lucie,Saint Lucia,Santa Lucía,,,TRUE,,,,,,,Collect calls to mobile numbers are not accepted,No se aceptan llamadas de cobro revertido efectuadas a números de teléfonos móviles,Les communications payables à l'arrivée à destination de numéros mobiles ne sont pas acceptées.
Saint-Vincent-et-les-Grenadines,Saint Vincent and the Grenadines,San Vicente y las Granadinas,,,TRUE,,,,,,,Collect calls to mobile numbers are not accepted,No se aceptan llamadas de cobro revertido efectuadas a números de teléfonos móviles,Les communications payables à l'arrivée à destination de numéros mobiles ne sont pas acceptées.
Samoa,Samoa,Samoa,TRUE,,,,,,,,,The telex service is no longer provided.,El servicio télex está suprimido,Le service télex n'est plus assuré. 
Saint-Marin,San Marino,San Marino,,,,,,,,,,Intelcom San Marino no longer route nor accept telephone traffic via transit carriers. Telecom operators are requested to switch to the hubbing method for routing traffic to Intelcom San Marino.,Intelcom San Marino no encamina ni acepta tráfico telefónico procedente de operadores de tránsito. Se invita a los operadores de telecomunicaciones que utilicen un método de concentración para el encaminamiento de su tráfico a Intelcom San Marino,Intelcom San Marino n'achemine plus et n'accepte plus de trafic téléphonique via des opérateurs de transit. Les opérateurs de télécommunication concernés sont priés de bien vouloir adopter la méthode de concentration (hubbing) pour le routage de leur trafic à destination de Intelcom San Marino. 
Sao Tomé-et-Principe,Sao Tome and Principe,Santo Tomé y Príncipe,TRUE,,,,,,,,,The telex service is no longer provided.,El servicio télex está suprimido,Le service télex n'est plus assuré.
Arabie saoudite,Saudi Arabia,Arabia Saudita,,,,,,,TRUE,TRUE,,Collect calls for both outgoing and incoming are not accepted,No se aceptan llamadas de cobro revertido entrantes ni salientes,Les communications entrantes et sortantes payables à l'arrivée ne sont pas acceptées.
Serbie,Serbia,Serbia,TRUE,,TRUE,,,,,,,Collect calls to mobile numbers are not accepted. The telex service is no longer provided. The Operator-Assisted Call Service for semi-automatic calls (inbound and outbound) is not admitted.,No se aceptan llamadas de cobro revertido efectuadas a números de teléfonos móviles. El servicio télex está suprimido. No se admiten llamadas semiautomáticas (de entrada y de salida) del servicio telefónico con asistencia de operadora,Les communications payables à l'arrivée à destination de numéros mobiles ne sont pas acceptées. Le service télex n'est plus assuré. Le service d’appel avec assistance d’une opératrice pour les appels semi-automatiques (entrants et sortants) n'est pas admis. 
Seychelles,Seychelles,Seychelles,,,TRUE,,,,,,,Collect calls to mobile numbers are not accepted,No se aceptan llamadas de cobro revertido efectuadas a números de teléfonos móviles,Les communications payables à l'arrivée à destination de numéros mobiles ne sont pas acceptées.
Singapour,Singapore,Singapur,TRUE,,,,,,,,,"The telegram service is no longer provided. Singapore Telecommunications Ltd (""SingTel""), Singapore, announces that incoming international operator-assisted calls and collect calls sent to Singapore Telecommunications Ltd (""SingTel"") will not be terminated to subscribers of MobileOne (Asia) Pte Ltd and StarHub Mobile Pte Ltd unless the subscribers of these two (2) mobile companies have specifically registered with SingTel to receive such calls. Singapore Telecom Mobile Pte Ltd (""SingTel Mobile"") will continue to accept such calls for termination to their subscribers.","El servicio de telegramas está suprimido. Singapore Telecommunications Ltd (“SingTel”), Singapur, anuncia que las llamadas internacionales entrantes con asistencia de operadora y las llamadas de cobro revertido enviadas a Singapore Telecommunications Ltd (“SingTel”) no se transmitirán a los abonados de MobileOne (Asia) Pte Ltd. ni de StarHub Mobile Pte Ltd a menos que los abonados a estas dos (2) empresas de telefonía móvil estén inscritos en SingTel para la recepción de esas llamadas. Singapore Telecom Mobile Pte Ltd (“SingTel Mobile”) seguirá aceptando esas llamadas con terminación en sus abonados.","Le service des télégrammes n'est plus assuré. Singapore Telecommunications Ltd («SingTel»), Singapour, annonce que les appels internationaux entrants avec assistance d’une opératrice et les communications payables à l’arrivée à destination de Singapore Telecommunications Ltd («SingTel») ne seront pas acheminés vers les abonnés de MobileOne (Asia) Pte Ltd et StarHub Mobile Pte Ltd à moins que les abonnés de ces deux (2) compagnies de téléphonie mobile se soient enregistrés auprès de SingTel pour recevoir ces appels. Singapore Telecom Mobile Pte Ltd («SingTel Mobile») continuera à accepter ces appels à destination de ses abonnés."
Slovaquie,Slovakia,Eslovaquia,TRUE,TRUE,,,,,TRUE,TRUE,,Collect calls for both outgoing and incoming are not accepted. The telex service is no longer provided. The telegram service is no longer provided.,No se aceptan llamadas de cobro revertido entrantes ni salientes. El servicio télex está suprimido. El servicio de telegramas está suprimido.,Les communications entrantes et sortantes payables à l'arrivée ne sont pas acceptées. Le service télex n'est plus assuré. Le service des télégrammes n'est plus assuré.
Slovénie,Slovenia,Eslovenia,,,,,,,,,,Telegrams with the special service TLXx (Telex delivery) are no longer admitted to and from Slovenia,No se aceptan con destino u origen en Eslovenia telegramas con el servicio especial TLXx (entrega de télex),Les télégrammes avec le service spécial TLXx (remise par télex) ne sont plus admis à destination et en provenance de la Slovénie. 
Sudafricaine (Rép.),South Africa,Sudafricana (Rep.),,,,,,,,,,"Telkom SA Ltd., Pretoria, announces that Letter telegrams (LT), Government letter telegrams (LTF) and telegrams with the special service URGENT (Urgent transmission and delivery) and LX (De luxe form) are not accepted to and from South Africa.","Telkom SA Ltd., Pretoria, anuncia que no se admiten con destino u origen en la República Sudafricana los telegramas-carta (LT), los telegramas-carta de Estado (LTF) ni los telegramas con servicio especial URGENT (transmisión y entrega urgentes) y LX (formulario de lujo)","Telkom SA Ltd., Pretoria, annonce que les télégrammes-lettres (LT), les télégrammes-lettres d'Etat (LTF) et les télégrammes avec le service spécial URGENT (transmission et remise urgentes) et LX (formule de luxe) ne sont pas acceptés à destination et en provenance de la République sudafricaine."
Sri Lanka,Sri Lanka,Sri Lanka,,,,TRUE,,,TRUE,TRUE,,No incoming calls are allowed for payphones in Sri Lanka,No se autorizan llamadas efectuadas a teléfonos públicos,Aucun appel entrant à destination de publiphones n'est admis au Sri Lanka.
Soudan,Sudan,Sudán,,,,,,,,,,The telecommunication service with Israel is suspended.,El servicio de telecomunicaciones con Israel está suspendido,Le service de télécommunication avec Israël est suspendu.
Suriname,Suriname,Suriname,TRUE,TRUE,,,,,,,,The telegram service is no longer provided. The telex service is no longer provided.,El servicio de telegramas está suprimido. El servicio télex está suprimido,Le service des télégrammes n'est plus assuré. Le service télex n'est plus assuré.
Swaziland,Swaziland,Swazilandia,,,TRUE,,,TRUE,,,,Collect calls to mobile numbers and virtual telephony are not accepted,No se aceptan llamadas de cobro revertido efectuadas a números de teléfonos móviles ni de telefonía virtual,Les communications payables à l'arrivée à destination de numéros mobiles et d'abonnés de la téléphonie virtuelle ne sont pas acceptées.
Suède,Sweden,Suecia,,,,,,,,,,"TeliaSonera no longer accept single ticket method collect calls to Sweden, nor provide Home Country Direct from and to Sweden.","TeliaSonera no aceptará llamadas de cobro revertido por el método de ticket único con destino a Suecia, ni proporcionará el servicio país directo desde y hacia ese país","TeliaSonera n'accepte plus de communications payables à l'arrivée de type ""à ticket unique"" (Single Ticket Method) à destination de la Suède, et n'assure plus le service ""pays d'origine direct"" (Home Country Direct) en provenance et à destination de la Suède."
République arabe syrienne,Syrian Arab Republic,República Árabe Siria,,,,,,,,,,The telecommunication service with Israel is suspended.,El servicio de telecomunicaciones con Israel está suspendido,Le service de télécommunication avec Israël est suspendu.
Thaïlande,Thailand,Tailandia,,TRUE,,,,,,,,The telegram service is no longer provided,El servicio de telegramas está suprimido,Le service des télégrammes n'est plus assuré.
Tonga,Tonga,Tonga,TRUE,TRUE,,,,,,,,The telegram service is no longer provided. The telex service is no longer provided.,El servicio de telegramas está suprimido. El servicio télex está suprimido,Le service des télégrammes n'est plus assuré. Le service télex n'est plus assuré.
Trinité-et-Tobago,Trinidad and Tobago,Trinidad y Tabago,TRUE,TRUE,TRUE,,,TRUE,,,,The telegram service is no longer provided. The telex service is no longer provided. Collect calls to mobile numbers and virtual telephony are not accepted,El servicio de telegramas está suprimido. El servicio télex está suprimido. No se aceptan llamadas de cobro revertido efectuadas a números de teléfonos móviles ni de telefonía virtual,Le service des télégrammes n'est plus assuré. Le service télex n'est plus assuré. Les communications payables à l'arrivée à destination de numéros mobiles et d'abonnés de la téléphonie virtuelle ne sont pas acceptées.
Turquie,Turkey,Turquía,,,,,,,,,,The use of MF and HF radiotelegraphy and radiotelephony on foreign ships in Turkish ports is restricted.,Se restringe el empleo de la radiotelegrafía y de la radiotelefonía por ondas hectométricas y decamétricas en los barcos extranjeros anclados en puertos turcos,L’usage de la radiotélégraphie et de la radiotéléphonie à ondes hectométriques et décamétriques sur les navires étrangers se trouvant dans des ports turcs est soumis à des restrictions.
Turques et Caïques (Iles),Turks and Caicos Islands,Turquesas y Caicos (Islas),,,TRUE,,,,,,,Collect calls to mobile numbers are not accepted,No se aceptan llamadas de cobro revertido efectuadas a números de teléfonos móviles,Les communications payables à l'arrivée à destination de numéros mobiles ne sont pas acceptées. 
Emirats arabes unis,United Arab Emirates,Emiratos Árabes Unidos,,,TRUE,,,,,,,Collect calls to mobile numbers are not accepted. The telecommunication service with Israel is suspended,No se aceptan llamadas de cobro revertido efectuadas a números de teléfonos móviles. El servicio de telecomunicaciones con Israel está suspendido,Les communications payables à l'arrivée à destination de numéros mobiles ne sont pas acceptées.  Le service de télécommunication avec Israël est suspendu.
Uruguay,Uruguay,Uruguay,,,TRUE,,,,,,,Collect calls to mobile numbers are not accepted,No se aceptan llamadas de cobro revertido efectuadas a números de teléfonos móviles,Les communications payables à l'arrivée à destination de numéros mobiles ne sont pas acceptées. 
Vanuatu,Vanuatu,Vanuatu,TRUE,TRUE,,,,,TRUE,TRUE,,The telex service is no longer provided. Collect calls for both outgoing and incoming are not accepted. The telegram service is no longer provided.,No se aceptan llamadas de cobro revertido entrantes ni salientes. El servicio télex está suprimido. El servicio de telegramas está suprimido,Les communications entrantes et sortantes payables à l'arrivée ne sont pas acceptées. Le service télex n'est plus assuré. Le service des télégrammes n'est plus assuré.
Vatican,Vatican,Vaticano,TRUE,,,,,,,,,The telex service is no longer provided.,El servicio télex está suprimido,Le service télex n'est plus assuré.
Yémen,Yemen,Yemen,TRUE,,,,,,,,,The telecommunication service with Israel is suspended. The telex service is no longer provided.,El servicio de telecomunicaciones con Israel está suspendido. El servicio télex está suprimido ,Le service de télécommunication avec Israël est suspendu. Le service télex n'est plus assuré.